<?xml version="1.0" encoding="UTF-8"?>
<project-private xmlns="http://www.netbeans.org/ns/project-private/1">
    <editor-bookmarks xmlns="http://www.netbeans.org/ns/editor-bookmarks/2" lastBookmarkId="0"/>
    <open-files xmlns="http://www.netbeans.org/ns/projectui-open-files/2">
        <group>
            <file>file:/Users/stachu/work/AMM/staszeq.github.io/css/creative.css</file>
            <file>file:/Users/stachu/work/AMM/staszeq.github.io/index.html</file>
            <file>file:/Users/stachu/work/AMM/staszeq.github.io/vendor/font-awesome/css/font-awesome.css</file>
            <file>file:/Users/stachu/work/AMM/staszeq.github.io/vendor/bootstrap/css/bootstrap.css</file>
        </group>
    </open-files>
</project-private>
